week,distance,change,elap30,PAT,type,field,wind,good
1,21,1,24.7167,0,1,1,0,1
1,21,0,15.85,0,1,1,0,1
1,20,0,0.45,1,1,1,0,1
1,28,0,13.55,0,1,1,0,1
1,20,0,21.8667,1,0,0,0,1
1,25,0,17.6833,0,0,0,0,1
1,20,0,12.6833,1,0,0,0,1
1,27,1,4.7833,0,0,0,0,1
1,44,1,0.9167,0,0,0,0,1
1,32,0,25.7667,0,0,0,0,1
1,42,0,6.2667,0,0,0,0,0
1,47,1,0,0,0,0,0,1
1,51,1,19.7833,0,1,1,0,0
1,20,0,29.1833,1,1,1,0,1
1,20,0,12.5167,1,1,1,0,1
1,20,0,10.85,1,1,1,0,1
1,20,1,1.8,1,1,1,0,1
1,20,0,0.0667,1,1,1,0,1
1,20,0,21.0833,1,1,1,0,1
1,20,0,19.0333,1,1,1,0,1
1,20,0,15.75,1,1,1,0,1
1,25,0,6.7167,0,1,1,0,1
1,20,0,1.9333,1,1,1,0,1
1,20,0,11.45,1,0,0,0,1
1,28,0,0.65,0,0,0,0,1
1,21,1,22.4667,0,1,0,0,1
1,20,0,22.15,1,1,0,0,1
1,28,0,15.5833,0,1,0,0,1
1,20,0,12.1167,1,1,0,0,1
1,20,0,4.0167,1,1,0,0,1
1,51,1,20.15,0,1,1,0,0
1,20,0,19.9333,1,1,1,0,1
1,20,0,14.1833,1,1,1,0,1
1,22,0,19.6,0,1,1,0,1
1,20,0,16.5833,1,1,1,0,1
1,20,0,5.3833,1,1,1,0,1
1,20,0,23.7167,1,1,1,0,1
1,52,0,14.9167,0,1,1,0,1
1,20,1,8.4167,0,1,1,0,1
1,38,0,2.9333,0,1,1,0,0
1,38,0,0.0333,0,1,1,0,1
1,37,0,10.3833,0,1,1,0,1
1,20,0,3.3667,1,1,1,0,1
1,20,0,24.0333,1,0,0,0,1
1,27,0,18.3833,0,0,0,0,1
1,41,0,16.2833,0,0,0,0,1
1,20,0,7.1833,1,0,0,0,1
1,51,1,1.6833,0,0,0,0,1
1,20,0,24.9833,1,0,0,0,1
1,20,1,0.4333,1,0,0,0,1
1,20,0,19.0167,1,1,1,0,1
1,20,1,23.2167,1,1,1,0,1
1,20,0,18.0333,1,1,1,0,1
1,49,1,25.9333,0,0,0,0,1
1,20,0,19,1,0,0,0,1
1,46,0,10.4167,0,0,0,0,1
1,20,0,6.6667,1,0,0,0,1
1,49,0,0,0,0,0,0,1
1,20,0,21.3,1,0,0,0,1
1,20,0,2.8667,1,0,0,0,1
1,20,0,19.0667,1,1,1,0,1
1,20,1,18.7167,1,1,1,0,1
1,20,0,6.5167,1,1,1,0,1
1,20,1,1.2,1,1,1,0,1
1,21,0,3.6,0,1,1,0,1
1,20,0,21.7167,1,1,1,0,1
1,36,0,7.25,0,1,1,0,0
1,19,0,24.6333,0,1,1,0,1
1,26,0,3.0333,0,1,1,0,1
1,20,0,26.9333,1,1,0,0,1
1,20,0,11.9667,1,1,0,0,1
1,20,0,26.05,1,1,0,0,1
1,20,0,12.55,1,1,0,0,1
2,42,0,20.4,0,1,1,0,1
2,20,0,10.9333,1,1,1,0,1
2,20,1,1.3667,1,1,1,0,1
2,23,1,0,0,1,1,0,1
2,43,1,14.1833,0,1,1,1,1
2,23,0,10.7833,0,1,1,1,1
2,20,0,0.2667,1,1,1,1,1
2,20,0,7.0833,0,1,1,1,1
2,51,1,24.2667,0,1,1,0,0
2,20,0,6.8167,1,1,1,0,1
2,21,0,0.5167,0,1,1,0,1
2,20,0,27.3167,1,1,1,0,1
2,29,0,17.5167,0,1,1,0,1
2,20,0,11.3167,1,1,1,0,1
2,20,0,9.1667,1,1,1,0,1
2,20,0,3.8833,1,1,1,0,1
2,34,1,9.15,0,1,0,0,1
2,52,0,4.95,0,1,0,0,1
2,32,0,27.6,0,1,0,0,1
2,20,0,26.8167,1,1,0,0,1
2,20,0,21.0833,1,1,0,0,1
2,20,0,18.7,1,1,0,0,1
2,20,0,17.05,1,1,0,0,1
2,20,0,28.8167,1,0,0,0,1
2,43,0,22.3333,0,0,0,0,1
2,20,0,18.1,1,0,0,0,1
2,42,0,0.0333,0,0,0,0,1
2,20,0,27.15,1,0,0,0,1
2,20,0,19.1167,1,0,0,0,1
2,20,0,5.0333,1,0,0,0,1
2,20,0,2.7,1,0,0,0,1
2,40,0,0.2333,0,0,0,0,1
2,20,0,23.6167,1,1,1,0,1
2,20,1,10.5167,1,1,1,0,1
2,20,0,13.6833,1,1,1,0,1
2,28,0,11.6833,0,1,0,0,1
2,36,0,6.6167,0,1,0,0,0
2,20,0,0.45,0,1,0,0,1
2,20,0,28.2333,1,1,0,0,1
2,20,0,17.1833,1,1,0,0,1
2,20,0,8.7667,1,1,0,0,1
2,20,1,2.6333,1,1,0,0,1
2,52,1,0,0,1,0,0,1
2,22,1,22.35,0,1,1,1,1
2,20,0,17.6667,1,1,1,1,1
2,54,0,10.5333,0,1,1,1,0
2,20,0,2.3667,1,1,1,1,1
2,20,0,13.1167,1,1,0,0,1
2,20,0,6.3833,1,1,0,0,1
2,20,0,0.9667,1,1,0,0,1
2,20,0,14.3,1,1,0,0,1
2,45,0,11.1167,0,1,0,0,1
2,20,0,0.7833,1,1,0,0,1
2,42,1,24.85,0,1,0,0,1
2,20,0,23.7167,1,1,0,0,1
2,20,0,0.2667,1,1,0,0,1
2,29,1,27.3,0,1,0,0,1
2,20,0,23.2333,1,1,0,0,1
2,48,0,18.2833,0,1,0,0,0
2,20,0,13.2667,1,1,0,0,1
2,20,0,7.3333,1,1,0,0,1
2,20,0,22.5,1,0,0,0,1
2,20,1,18.85,1,0,0,0,1
2,33,1,16.7833,0,0,0,0,1
2,40,1,1.4667,0,0,0,0,0
2,27,1,15.7167,0,0,0,0,1
2,20,0,4.6667,1,0,0,0,1
2,20,0,23.6833,1,1,1,0,1
2,20,0,15.55,1,1,1,0,1
2,32,0,0.35,0,1,1,0,1
2,38,0,21.35,0,1,1,0,1
2,20,0,15.4667,1,1,1,0,1
2,20,0,11.95,1,1,1,0,1
3,21,1,16.3167,0,0,0,0,1
3,20,0,10.15,1,0,0,0,1
3,41,0,0.2833,0,0,0,0,1
3,20,0,21.7167,1,0,0,0,1
3,19,1,25.6,0,0,0,0,1
3,21,0,16.2667,0,0,0,0,1
3,20,1,13.2833,1,0,0,0,1
3,33,1,7.0333,0,0,0,0,1
3,46,0,22.3667,0,0,0,0,1
3,20,1,18.6833,1,0,0,0,1
3,20,0,14.25,1,0,0,0,1
3,21,1,0,0,0,0,0,1
3,20,0,25.6167,1,0,0,0,1
3,20,1,20.7667,1,0,0,0,1
3,38,1,14.9167,0,0,0,0,0
3,53,1,4.5,0,0,0,0,0
3,20,0,1.1667,1,0,0,0,1
3,38,0,0,0,0,0,0,1
3,20,0,12.6833,1,0,0,0,1
3,20,0,6.7333,1,0,0,0,1
3,20,0,3.3,1,0,0,0,1
3,49,1,1.3,0,0,0,0,0
3,41,0,1.75,0,0,0,0,0
3,20,1,12.2833,1,0,0,0,1
3,20,0,9.2833,1,0,0,0,1
3,20,0,22.25,1,1,0,0,1
3,20,1,15.3333,1,1,0,0,1
3,20,0,6.3,1,1,0,0,1
3,20,1,4.6,1,1,0,0,1
3,35,1,22.8333,0,1,0,0,1
3,39,1,8.0167,0,1,0,0,0
3,38,0,4.45,0,1,0,0,1
3,20,0,25.05,1,1,0,0,1
3,20,0,7.7,0,1,0,0,1
3,34,0,1.2167,0,1,0,0,1
3,48,0,0.0833,0,1,0,0,1
3,20,0,22.8667,1,1,0,0,1
3,20,0,17.9333,1,1,0,0,1
3,20,0,1.1,1,1,0,0,1
3,34,1,25.1167,0,1,1,0,0
3,43,1,2.3,0,1,1,0,1
3,20,0,0.5833,1,1,1,0,1
3,20,0,25.4,1,1,1,0,1
3,20,0,14.9667,1,1,1,0,1
3,20,0,5.55,1,1,1,0,1
3,20,0,21.1667,1,1,0,0,1
3,20,0,14.9333,1,1,0,0,1
3,20,0,13.1667,1,1,0,0,1
3,43,0,7.4833,0,1,0,0,0
3,20,0,28.3,1,1,0,0,1
3,20,0,12.9167,1,1,1,0,1
3,39,0,6.6667,0,1,1,0,0
3,20,0,4.9833,1,1,1,0,1
3,45,0,0,0,1,1,0,1
3,20,0,20.6,1,1,1,0,1
3,34,0,16.3,0,1,1,0,1
3,32,0,5.75,0,1,1,0,0
3,20,0,5.6167,1,1,1,0,1
3,43,1,10.15,0,1,1,0,1
3,37,1,5.8,0,1,1,0,1
3,22,0,0.1667,0,1,1,0,1
3,20,0,28.5833,1,1,1,0,1
3,40,0,19.6333,0,1,1,0,1
3,27,0,3.2167,0,1,1,0,1
3,30,1,21.8167,0,1,1,0,0
3,20,0,13.2333,0,1,1,0,1
3,20,0,1.8333,1,1,1,0,1
3,20,0,0.1833,1,1,1,0,1
3,20,0,26.0167,1,1,1,0,1
3,21,1,17.8667,0,1,1,0,1
3,20,0,4.8833,1,1,1,0,1
3,20,1,1.1167,1,1,1,0,1
3,20,0,21.4667,1,0,0,0,0
3,42,0,17.2333,0,0,0,0,1
3,20,0,14.15,1,0,0,0,1
3,39,0,7.2,0,0,0,0,1
3,48,0,2,0,0,0,0,0
3,20,1,23,0,0,0,0,0
3,20,1,0.5,1,0,0,0,1
3,20,0,25.1667,1,1,1,0,1
3,20,0,9.1,1,1,1,0,1
3,37,0,5.7667,0,1,1,0,1
3,32,0,3.35,0,1,1,0,1
3,37,1,23.1333,0,1,1,0,1
3,20,0,14.15,1,1,1,0,1
3,40,0,2.4,0,1,1,0,1
3,20,0,0.7833,1,1,1,0,1
3,39,0,24.6333,0,1,1,0,1
3,52,0,22.3833,0,1,1,0,0
3,21,0,12.9,0,1,1,0,1
3,20,0,6.9167,1,1,1,0,1
4,28,0,0.3333,0,1,1,0,1
4,20,1,25.5333,1,1,1,0,1
4,20,0,14.8833,1,1,1,0,1
4,37,1,23.5,0,0,0,0,1
4,37,1,15.3833,0,0,0,0,1
4,36,0,23.3833,0,0,0,0,1
4,20,0,25.1667,1,1,0,0,1
4,20,1,22.7,1,1,0,0,1
4,20,1,7.1833,0,1,0,0,1
4,20,0,2.15,1,1,0,0,1
4,50,0,0,0,1,0,0,1
4,20,0,27.1,1,1,0,0,1
4,20,0,16.4833,1,1,0,0,1
4,20,0,11.55,1,1,0,0,0
4,20,0,4.5833,1,1,0,0,1
4,32,1,9.0667,0,1,0,0,1
4,33,0,5.8,0,1,0,0,1
4,35,0,1.9333,0,1,0,0,1
4,43,0,0,0,1,0,0,1
4,20,0,29.6,1,1,0,0,1
4,20,0,27.3667,1,1,0,0,1
4,20,0,23.6333,1,1,0,0,1
4,40,0,20.8833,0,1,0,0,1
4,20,0,7.6,1,1,0,0,1
4,37,1,24.45,0,1,1,0,0
4,20,0,15.4833,1,1,1,0,1
4,25,0,0.6333,0,1,1,0,1
4,48,0,26.4333,0,1,1,0,0
4,20,0,4.75,1,1,1,0,1
4,20,0,4.4333,1,1,1,0,1
4,20,0,0.2333,1,1,1,0,1
4,20,0,24.25,1,1,0,0,1
4,20,0,7.2333,1,1,0,0,1
4,20,0,1.2,1,1,0,0,1
4,20,0,28.55,1,1,0,0,1
4,20,0,23.4333,1,1,0,0,1
4,41,0,21.4,0,1,0,0,1
4,23,1,9.7,0,1,1,0,1
4,20,0,2.7,1,1,1,0,1
4,52,0,26.3167,0,1,1,0,1
4,20,0,13.7667,1,1,1,0,1
4,45,0,5,0,1,1,0,1
4,20,0,29.0833,1,1,0,0,1
4,45,0,18.5833,0,1,0,0,1
4,20,0,7.9333,1,1,0,0,1
4,20,0,4.4667,1,1,0,0,1
4,20,0,0.7833,1,1,0,0,1
4,20,0,15.9,1,1,0,0,1
4,20,0,23.7,1,1,0,0,1
4,31,0,11.2,0,1,0,0,1
4,20,0,9.3833,1,1,0,0,1
4,20,0,6.9667,1,1,0,0,1
4,25,0,1.05,0,1,0,0,1
4,30,0,20.6333,0,1,0,0,1
4,20,0,2.6167,1,1,0,0,1
4,20,0,0.7667,1,1,0,0,1
4,47,1,20.6333,0,1,1,0,0
4,49,1,11.1167,0,1,1,0,1
4,20,0,0.9333,1,1,1,0,1
4,20,0,19.6333,1,1,1,0,1
4,20,0,14.05,1,1,1,0,1
4,20,0,5.8667,1,1,1,0,1
4,20,0,1.0333,1,1,1,0,1
4,47,1,24.05,0,0,0,0,0
4,30,1,17.4333,0,0,0,0,1
4,20,0,13.7333,1,0,0,0,1
4,23,0,9.8833,0,0,0,0,1
4,20,0,1.8167,1,0,0,0,1
4,18,0,24.3167,0,0,0,0,1
4,20,1,19.85,1,0,0,0,1
4,20,1,5.8833,1,0,0,0,1
4,32,1,1.2,0,0,0,0,1
5,20,0,26.1,1,1,1,0,1
5,20,1,10.6167,1,1,1,0,1
5,25,1,8.1167,0,1,1,0,1
5,27,0,0,0,1,1,0,1
5,20,1,23.3,1,1,1,0,0
5,20,0,14.95,1,1,1,0,1
5,20,0,23.95,1,1,0,0,1
5,20,0,21.1667,1,1,0,0,1
5,20,0,16.55,1,1,0,0,1
5,20,0,0.8,1,1,0,0,1
5,28,0,14.85,0,1,0,0,1
5,37,1,26.5667,0,1,1,0,1
5,22,1,18.0833,0,1,1,0,1
5,20,0,1.95,1,1,1,0,1
5,20,0,0.4333,1,1,1,0,1
5,46,0,22.9833,0,1,1,0,1
5,32,0,15.9667,0,1,1,0,1
5,34,1,18.6,0,0,0,0,1
5,20,0,15.2333,1,0,0,0,1
5,54,0,11.2,0,0,0,0,1
5,31,0,1.2333,0,0,0,0,1
5,27,1,21,0,0,0,0,1
5,32,1,9.7,0,0,0,0,1
5,33,0,4.0833,0,0,0,0,1
5,20,0,1.75,1,0,0,0,1
5,20,0,7.6,1,1,0,1,1
5,36,0,21,0,1,0,1,1
5,20,1,19,1,1,0,1,1
5,35,1,10.05,0,1,0,1,1
5,20,0,1.05,1,1,0,1,1
5,45,1,0.0333,0,1,0,1,0
5,20,0,14.7833,1,1,1,0,1
5,20,0,7.0833,1,1,1,0,1
5,28,0,18.65,0,1,1,0,1
5,48,0,14.3833,0,1,1,0,1
5,20,0,26.2333,1,0,0,0,1
5,22,0,21.5,0,0,0,0,1
5,29,0,6.5833,0,0,0,0,1
5,53,0,0.05,0,0,0,0,1
5,20,0,23.3333,1,0,0,0,1
5,32,0,14.1833,0,0,0,0,1
5,20,1,1.05,1,0,0,0,1
5,52,1,0,0,0,0,0,0
5,32,1,25.8667,0,1,1,0,1
5,38,1,22.0833,0,1,1,0,1
5,20,0,18.4167,1,1,1,0,1
5,20,1,14.9167,1,1,1,0,1
5,46,1,6.1167,0,1,1,0,1
5,20,0,23.6333,1,1,1,0,1
5,34,0,18.4333,0,1,1,0,1
5,20,0,13.5833,1,1,1,0,1
5,23,0,4.3333,0,1,1,0,1
5,23,1,10.8167,0,0,0,0,0
5,48,1,7.2167,0,0,0,0,0
5,20,0,1.7,1,0,0,0,1
5,52,0,0.3333,0,0,0,0,0
5,20,0,22.6333,1,0,0,0,1
5,30,0,17.5833,0,0,0,0,1
5,20,0,10.8333,1,0,0,0,1
5,20,0,7.8,1,0,0,0,1
5,34,1,25.7833,0,0,0,0,1
5,20,1,15.9667,0,0,0,0,1
5,20,1,22.3167,1,0,0,0,1
5,42,0,7.4,0,0,0,0,1
5,20,0,24.9333,1,1,1,0,1
5,20,1,21.8167,1,1,1,0,1
5,38,1,15.8333,0,1,1,0,1
5,43,1,11.55,0,1,1,0,0
5,32,1,0.3,0,1,1,0,1
5,31,1,26.1667,0,1,1,0,1
5,47,1,21.9833,0,1,1,0,1
5,23,1,18.9333,0,1,1,0,1
5,22,1,14.3167,0,1,1,0,0
5,20,0,6.5,1,1,1,0,0
5,38,1,3.8167,0,1,1,0,1
5,33,1,0.0833,0,1,1,0,1
6,20,0,27.5167,1,1,0,0,1
6,20,0,21.4833,1,1,0,0,1
6,40,1,17.5333,0,1,0,0,1
6,20,0,13.2667,1,1,0,0,1
6,20,1,3.1167,1,1,0,0,1
6,20,0,0.1,1,1,0,0,1
6,20,1,25.3667,1,1,0,0,1
6,20,0,19.6667,1,1,0,0,1
6,47,0,15.7333,0,1,0,0,0
6,43,0,11.1167,0,1,0,0,1
6,20,0,7.2167,1,1,0,0,1
6,46,1,0.8667,0,1,0,0,1
6,35,1,0,0,1,0,0,1
6,20,0,20.2,1,1,1,0,1
6,20,0,18.35,1,1,1,0,1
6,51,0,16.6667,0,1,1,0,1
6,37,0,10.8167,0,1,1,0,1
6,31,0,2.4,0,1,1,0,1
6,20,0,22.6333,1,1,1,0,1
6,20,0,15.9167,1,1,1,0,1
6,20,0,25.7167,1,0,0,0,1
6,20,0,2.8833,1,0,0,0,1
6,20,0,13.5,1,0,0,0,1
6,38,0,5.8167,0,0,0,0,1
6,34,1,22.2667,0,1,1,0,1
6,47,1,13.5167,0,1,1,0,0
6,20,0,5.25,1,1,1,0,1
6,45,0,2.25,0,1,1,0,1
6,27,0,22.05,0,1,1,0,1
6,44,0,18.85,0,1,1,0,1
6,20,0,9.9333,1,1,1,0,1
6,33,1,3.6333,0,1,1,0,1
6,53,1,0.4833,0,1,1,0,1
6,20,0,22.8,1,1,1,0,1
6,21,0,15.8667,0,1,1,0,1
6,20,0,7.6,1,1,1,0,1
6,20,0,1.0667,1,1,1,0,1
6,49,0,0.05,0,1,1,0,1
6,20,0,13.8667,1,1,1,0,1
6,20,0,9.3667,1,1,1,0,1
6,20,0,2.6167,1,1,1,0,1
6,23,1,24.4833,0,1,0,0,1
6,20,0,9.0167,1,1,0,0,1
6,36,0,24.1,0,1,0,0,1
6,20,1,19.1333,1,1,0,0,1
6,20,1,12.8833,1,1,0,0,1
6,50,1,0.3833,0,1,0,0,0
6,20,0,25.3,1,1,1,0,1
6,20,0,14.0333,1,1,1,0,1
6,20,0,1.9667,1,1,1,0,1
6,53,0,0.5333,0,1,1,0,1
6,32,0,21.05,0,1,1,0,1
6,19,0,18.25,0,1,1,0,1
6,22,0,14.8667,0,1,1,0,1
6,38,1,20.7667,0,1,0,0,1
6,26,1,7.95,0,1,0,0,1
6,24,1,3.9667,0,1,0,0,1
6,32,0,0.4333,0,1,0,0,1
6,20,0,0.2667,1,1,0,0,1
6,20,0,24.05,1,1,0,0,1
6,51,0,22.2667,0,1,0,0,1
6,33,0,15.35,0,1,0,0,0
6,20,0,9.85,1,1,0,0,1
6,27,0,5.9333,0,1,0,0,1
6,20,0,24.9167,1,1,1,0,1
6,20,0,17.8167,1,1,1,0,1
6,21,0,13.0667,0,1,1,0,1
6,20,0,5,1,1,1,0,1
6,51,0,0.2833,0,1,1,0,1
6,27,0,9.9333,0,1,1,0,0
6,20,1,1.15,1,1,1,0,1
6,49,1,0.1,0,1,1,0,0
6,27,1,0,0,1,1,0,1
6,19,1,20.2167,0,0,0,0,1
6,38,1,14.8667,0,0,0,0,1
6,50,1,10.0833,0,0,0,0,1
6,20,0,5.4833,1,0,0,0,1
6,20,0,2.4167,1,0,0,0,1
6,44,1,6.6667,0,0,0,0,1
6,21,1,13.4,0,1,1,0,1
6,20,0,11.4,1,1,1,0,1
6,20,0,3.8833,1,1,1,0,1
6,36,1,0.0333,0,1,1,0,1
6,49,1,12.3167,0,1,1,0,1
6,20,0,6.8333,1,1,1,0,1
6,29,0,1.2,0,1,1,0,1
7,50,1,18.5667,0,1,0,1,0
7,20,0,12.7167,1,1,0,1,1
7,20,1,5.6333,1,1,0,1,1
7,20,0,22.8833,1,1,0,1,1
7,20,0,20.85,1,1,0,1,1
7,26,0,12.8,0,1,0,1,1
7,20,0,4.2833,1,1,0,1,1
7,20,0,10.0667,1,1,0,0,1
7,21,0,0.0333,0,1,0,0,1
7,45,0,23.1167,0,1,0,0,0
7,40,0,10.4167,0,1,0,0,1
7,32,1,20.8833,0,0,0,0,1
7,20,0,10.8833,1,0,0,0,1
7,46,0,2.8833,0,0,0,0,1
7,51,1,7.65,0,0,0,0,1
7,46,1,0.7667,0,0,0,0,0
7,23,1,27,0,1,1,0,1
7,43,0,21.1167,0,1,1,0,0
7,50,1,4.2833,0,1,1,0,1
7,20,0,3.2833,1,1,1,0,1
7,20,1,0.2167,1,1,1,0,1
7,20,0,21.05,1,1,1,0,1
7,30,0,1.0667,0,1,1,0,1
7,27,1,25.7667,0,1,1,0,1
7,20,0,21.65,1,1,1,0,1
7,29,1,9.0167,0,1,1,0,1
7,20,0,5.3667,1,1,1,0,1
7,20,0,3.1333,1,1,1,0,1
7,20,0,25,0,1,1,0,1
7,20,0,6.7667,1,1,1,0,1
7,20,0,2.1167,1,1,1,0,1
7,51,1,28.2833,0,1,1,0,1
7,20,0,23,1,1,1,0,1
7,20,0,0.4333,1,1,1,0,1
7,43,0,0,0,1,1,0,1
7,36,0,19.6,0,1,1,0,1
7,23,1,0.9333,0,1,1,0,1
7,53,1,0,0,1,1,0,0
7,51,1,0,0,1,1,0,1
7,54,0,23.95,0,0,0,0,0
7,47,0,20.3333,0,0,0,0,0
7,52,0,4.4,0,0,0,0,0
7,20,0,0.1167,0,0,0,0,1
7,20,0,26.25,1,0,0,0,0
7,20,0,21.7167,1,0,0,0,1
7,20,0,19.8167,1,0,0,0,1
7,20,0,12,1,0,0,0,1
7,42,1,20.7,0,1,1,0,1
7,43,0,6.8333,0,1,1,0,1
7,20,0,27.4167,1,1,1,0,1
7,20,0,21.9667,1,1,1,0,1
7,20,0,19.0833,1,1,1,0,1
7,20,0,13.8333,1,1,1,0,1
7,20,0,7.9667,0,1,1,0,1
7,20,0,19.5,1,1,1,0,1
7,20,0,3.9667,1,1,1,0,1
7,30,0,5.45,0,1,1,0,1
7,25,1,20.3333,0,1,1,0,1
7,20,0,15.1333,1,1,1,0,1
7,49,0,3.9667,0,1,1,0,1
7,20,1,1.25,1,1,1,0,1
7,20,0,24.1833,1,1,1,0,1
7,20,0,14.3667,1,1,1,0,1
7,20,0,12.4667,1,1,1,0,1
7,40,0,8.75,0,1,1,0,1
7,20,0,0.45,1,1,1,0,1
7,54,1,0,0,1,1,0,0
7,20,0,16.75,1,1,0,0,1
7,20,0,11.15,1,1,0,0,1
7,28,0,3.0833,0,1,0,0,0
7,20,0,3.0833,1,1,0,0,1
7,40,0,0,0,1,0,0,1
7,48,0,22.45,0,1,0,0,0
7,45,0,11.9667,0,1,0,0,1
8,44,0,7.4,0,1,0,0,1
8,48,0,0.0333,0,1,0,0,1
8,20,0,27.1333,1,1,0,0,1
8,20,0,17.15,1,1,0,0,1
8,20,1,13.0833,1,1,0,0,1
8,20,1,18.2167,1,0,0,0,0
8,48,0,4.7333,0,0,0,0,1
8,20,0,1.9,1,0,0,0,1
8,20,0,14.4,1,0,0,0,1
8,27,0,10.5,0,0,0,0,1
8,29,1,13.4167,0,1,1,0,1
8,45,1,4.8667,0,1,1,0,1
8,20,0,22.65,1,1,1,0,1
8,20,0,19.2833,1,1,1,0,1
8,37,0,12.6833,0,1,1,0,1
8,20,0,20.7333,1,1,1,0,1
8,20,1,18.5167,1,1,1,0,1
8,35,1,9.7667,0,1,1,0,0
8,20,0,2.75,1,1,1,0,1
8,20,0,24.3333,1,1,1,0,1
8,20,0,18.7,1,1,1,0,1
8,20,0,15.8833,1,1,1,0,0
8,29,0,4.8667,0,1,1,0,1
8,20,0,0.8167,1,1,1,0,1
8,21,0,19.4,0,1,1,0,1
8,31,0,1.1667,0,1,1,0,1
8,28,1,27.7,0,1,1,0,1
8,22,0,20.2833,0,1,1,0,1
8,20,0,17.7333,1,1,1,0,1
8,20,0,12.9667,1,1,1,0,1
8,47,0,4.6,0,1,1,0,1
8,20,0,0.1333,1,1,1,0,1
8,20,0,21.3667,1,1,1,0,1
8,39,0,17.1833,0,1,1,0,1
8,20,0,10.3,1,1,1,0,1
8,20,0,2.3833,1,1,1,0,1
8,26,1,24.6,0,1,1,0,1
8,20,0,12.6167,1,1,1,0,1
8,20,0,8.3,0,1,1,0,1
8,20,1,1.0833,1,1,1,0,1
8,49,1,0,0,1,1,0,0
8,20,0,19.9833,1,1,1,0,1
8,20,1,15.7667,1,1,1,0,1
8,39,1,9.9833,0,1,1,0,1
8,20,0,5.4333,1,1,1,0,1
8,20,0,3.35,1,1,1,0,1
8,39,1,0.0667,0,1,1,0,1
8,20,0,17.1833,1,1,1,0,1
8,20,1,14.8167,1,1,1,0,1
8,20,0,8.55,1,1,1,0,1
8,20,1,4.1833,1,1,1,0,1
8,20,1,21.2333,1,1,1,0,1
8,39,1,1.7333,0,1,1,0,0
8,30,1,7.3,0,1,1,0,1
8,25,0,21.5333,0,1,0,0,1
8,38,0,12.9167,0,1,0,0,1
8,20,0,4.1333,1,1,0,0,1
8,30,0,1.6833,0,1,0,0,0
8,20,0,27.4833,1,1,0,0,0
8,20,0,26.3167,1,1,0,0,1
8,20,0,17.5333,1,1,0,0,1
8,20,0,2.4833,1,1,0,0,1
8,20,0,25.8333,1,1,1,1,1
8,20,1,20.8333,1,1,1,1,1
8,20,0,13.8833,1,1,1,1,1
8,51,0,8.9667,0,1,1,1,0
8,20,1,1,1,1,1,1,1
8,37,1,0.2,0,1,1,1,0
8,20,0,11.85,1,1,1,1,1
8,20,0,11.05,1,1,1,1,1
8,20,0,5.2167,1,1,1,1,1
8,39,1,25.5333,0,1,0,0,0
8,36,1,11.4667,0,1,0,0,0
8,20,0,9.1,1,1,0,0,1
8,31,0,0.2833,0,1,0,0,1
8,20,0,25.9333,1,1,0,0,1
8,28,0,22.8167,0,1,0,0,1
8,20,0,19.6167,1,1,0,0,1
8,38,0,14.8333,0,1,0,0,1
8,23,0,7.7333,0,1,0,0,1
8,20,0,25.5667,1,1,1,0,1
8,23,0,22.4333,0,1,1,0,1
8,23,0,16.4167,0,1,1,0,1
8,20,0,9.9333,1,1,1,0,1
8,20,0,1.95,1,1,1,0,1
8,42,0,18.9833,0,1,1,0,0
8,24,0,6.3833,0,1,1,0,1
9,20,0,13,1,1,0,1,1
9,20,0,0.1333,0,1,0,1,1
9,62,0,0,0,1,0,1,0
9,32,0,22.95,0,1,0,1,0
9,29,0,17.4333,0,1,0,1,1
9,20,0,6.2667,1,1,0,1,1
9,20,0,23.1,1,1,1,0,1
9,20,0,22.8667,1,1,1,0,1
9,20,1,11.1333,1,1,1,0,1
9,27,1,0,0,1,1,0,0
9,44,0,19.9667,0,1,0,0,1
9,37,1,1.1333,0,1,0,0,1
9,36,1,0.15,0,1,0,0,1
9,63,1,0,0,1,0,0,0
9,38,1,23.9167,0,1,0,0,1
9,20,0,20.5333,1,1,0,0,1
9,20,0,5.5833,1,1,0,0,1
9,20,0,2.85,1,1,0,0,1
9,20,1,0.25,1,1,0,0,1
9,24,1,22.4167,0,1,1,0,1
9,32,1,14.8667,0,1,1,0,1
9,20,0,20.05,1,1,1,0,1
9,20,0,11.5833,1,1,1,0,1
9,22,0,1.9333,0,1,1,0,1
9,42,1,26.4333,0,0,0,0,1
9,46,1,21.7,0,0,0,0,1
9,20,0,4.4333,1,0,0,0,1
9,20,0,0,1,0,0,0,1
9,20,0,11.75,1,0,0,0,1
9,20,0,27.2167,1,1,1,0,1
9,20,0,10.85,1,1,1,0,1
9,20,0,9.2,1,1,1,0,1
9,31,0,1.1,0,1,1,0,1
9,52,0,0.0833,0,1,1,0,1
9,27,0,13.6,0,1,1,0,1
9,37,1,20.9667,0,1,1,0,0
9,20,0,14.9167,1,1,1,0,1
9,20,0,7.7667,0,1,1,0,1
9,43,0,1.8667,0,1,1,0,0
9,28,0,11.5833,0,1,1,0,0
9,20,0,19.2833,1,1,0,1,1
9,20,0,14.8833,1,1,0,1,1
9,36,0,12.5333,0,1,0,1,1
9,20,0,14.9333,0,0,0,0,1
9,20,0,14.5667,1,0,0,0,1
9,20,0,3.55,1,0,0,0,1
9,20,0,0.95,1,0,0,0,1
9,50,0,23.8,0,0,0,0,1
9,28,0,16.75,0,0,0,0,1
9,38,0,9.6667,0,0,0,0,1
9,20,1,26.5833,1,0,0,0,1
9,20,0,5.5667,1,0,0,0,1
9,20,0,0.25,1,0,0,0,1
9,20,0,26.5167,1,0,0,0,1
9,40,0,17.8333,0,0,0,0,1
9,20,0,10.2333,1,0,0,0,1
9,19,1,20.45,0,0,0,0,1
9,20,1,10.7,1,0,0,0,1
9,41,1,1.4167,0,0,0,0,1
9,20,0,15.4333,1,0,0,0,1
9,50,0,12.3333,0,0,0,0,0
9,39,0,0.35,0,0,0,0,1
9,22,1,7.1333,0,0,0,0,1
9,20,0,2.3833,1,0,0,0,1
9,20,0,0.4167,1,0,0,0,1
10,40,1,24.6,0,1,1,0,1
10,20,0,9.7,1,1,1,0,1
10,20,0,8.1,1,1,1,0,1
10,40,1,2.6667,0,1,1,0,1
10,20,0,1.65,1,1,1,0,1
10,20,0,22.3833,1,1,1,0,1
10,46,0,19.2833,0,1,1,0,1
10,27,0,14.8333,0,1,1,0,1
10,20,1,12.3167,1,1,1,0,1
10,20,0,8.7667,1,1,1,0,1
10,44,0,3.8833,0,1,1,0,0
10,20,1,1.1,1,1,1,0,1
10,24,1,0,0,1,1,0,1
10,32,1,26.2333,0,0,0,0,1
10,20,0,22.8667,1,0,0,0,1
10,47,0,14.1667,0,0,0,0,1
10,42,0,0.0167,0,0,0,0,0
10,20,0,19.9833,1,0,0,0,1
10,20,0,11.35,1,0,0,0,1
10,44,0,3.6167,0,0,0,0,0
10,39,1,19.65,0,1,1,0,1
10,20,0,15.8833,1,1,1,0,1
10,47,0,5.6833,0,1,1,0,1
10,20,0,13.7167,1,1,1,0,1
10,32,0,6.6167,0,1,1,0,0
10,20,0,26.4,1,0,0,0,1
10,20,1,22.8333,1,0,0,0,1
10,39,1,16.9333,0,0,0,0,1
10,23,0,9.0667,0,0,0,0,1
10,33,0,3.8667,0,0,0,0,1
10,37,0,25.4,0,0,0,0,1
10,38,0,1.9333,0,0,0,0,0
10,20,0,26.2,1,1,1,0,1
10,20,0,23.3333,1,1,1,0,1
10,31,0,17.2333,0,1,1,0,1
10,20,0,14.9333,1,1,1,0,1
10,53,0,6.3667,0,1,1,0,1
10,20,0,0.0667,0,1,1,0,1
10,54,0,24.9667,0,1,1,0,0
10,20,0,24.2333,1,1,1,0,1
10,20,0,7.85,1,1,1,0,1
10,20,0,22.4333,1,1,1,0,1
10,20,0,11.8667,1,1,1,0,1
10,29,0,5.4667,0,1,1,0,1
10,38,0,0.0167,0,1,1,0,1
10,20,0,2.4333,1,1,1,0,1
10,20,0,17.0333,1,0,0,0,1
10,20,1,12.2,1,0,0,0,1
10,35,1,3.85,0,0,0,0,1
10,26,0,21.85,0,0,0,0,1
10,32,0,15.9333,0,0,0,0,1
10,42,0,3.3,0,0,0,0,1
10,52,0,2.5833,0,0,0,0,0
10,20,0,25,1,0,0,0,1
10,23,0,21.2667,0,0,0,0,1
10,20,0,19.1833,1,0,0,0,1
10,20,0,15.65,1,0,0,0,1
10,20,0,11.6667,1,0,0,0,1
10,23,1,25.5,0,0,0,0,1
10,41,0,13.55,0,0,0,0,1
10,32,1,1.45,0,0,0,0,1
10,20,0,5.6,1,1,0,0,1
10,29,0,0.5167,0,1,0,0,1
10,20,0,18.7667,1,1,0,0,1
10,33,1,24.6167,0,1,1,0,1
10,20,0,19.4167,1,1,1,0,1
10,39,0,21.3333,0,1,1,0,1
10,20,0,19.3167,1,1,1,0,1
10,36,1,10.0667,0,1,1,0,1
10,20,0,7.3667,1,1,1,0,1
10,44,0,15.1,0,1,1,0,1
10,50,0,12.1333,0,1,1,0,0
10,20,0,7.2667,1,1,1,0,1
10,20,0,1.1167,1,1,1,0,1
10,20,0,23.6667,1,1,1,0,1
10,37,0,14.9167,0,1,1,0,1
10,20,0,13.0667,1,1,1,0,1
10,20,0,26.4833,1,0,0,0,1
10,20,1,18.8333,1,0,0,0,1
10,36,1,16.7833,0,0,0,0,1
10,50,1,7.45,0,0,0,0,1
10,46,0,0.1167,0,0,0,0,1
10,20,1,27.05,1,0,0,0,1
10,20,0,23.6333,1,0,0,0,1
10,36,1,28.2833,0,1,0,1,1
10,20,0,25.6167,1,1,0,1,1
10,42,0,1.7,0,1,0,1,1
10,20,0,12.8167,1,1,0,1,1
10,37,0,4.75,0,1,0,1,1
11,20,0,24.6833,1,1,1,0,1
11,20,0,18.8333,1,1,1,0,1
11,20,1,14.9333,1,1,1,0,1
11,20,0,6.3167,1,1,1,0,1
11,20,1,0.1167,1,1,1,0,1
11,20,0,17.7833,1,1,1,0,1
11,20,1,17.45,1,1,1,0,1
11,20,0,9.2833,1,1,1,0,1
11,20,0,28.9833,1,1,0,1,1
11,20,0,14.25,1,1,0,1,1
11,20,0,6.5,1,1,0,1,1
11,20,0,1.8,1,1,0,1,1
11,26,0,27.1167,0,1,0,1,1
11,37,0,17.3667,0,1,0,1,1
11,20,0,4.3167,1,1,0,1,1
11,20,0,20.9833,1,1,0,1,1
11,20,1,17.1833,1,1,0,1,1
11,44,1,15.3333,0,1,0,1,0
11,20,0,1.05,1,1,0,1,1
11,50,0,0.0833,0,1,0,1,1
11,23,0,24.7,0,1,0,1,1
11,20,1,23.35,1,1,0,1,1
11,38,1,17.85,0,1,0,1,1
11,21,0,1.9333,0,1,0,1,1
11,43,1,16.9833,0,0,0,0,0
11,20,0,10.7833,1,0,0,0,1
11,20,0,1.2,1,0,0,0,1
11,23,0,22.6167,0,0,0,0,1
11,20,0,14.9333,1,0,0,0,1
11,20,0,13.2833,1,0,0,0,1
11,20,0,4.3667,1,0,0,0,1
11,20,0,28.2833,1,0,0,0,1
11,40,0,24.45,0,0,0,0,1
11,20,0,22.75,1,0,0,0,1
11,33,1,18.2833,0,0,0,0,1
11,27,0,5.5833,0,0,0,0,1
11,34,0,0,0,0,0,0,1
11,20,0,22.9333,1,0,0,0,1
11,34,0,11.4333,0,0,0,0,1
11,20,0,9.75,1,0,0,0,1
11,23,0,1.95,0,0,0,0,1
11,43,1,26.8667,0,1,1,0,1
11,32,0,19.5667,0,1,1,0,0
11,20,0,13.0167,1,1,1,0,1
11,20,0,8.5833,1,1,1,0,1
11,39,0,0.0167,0,1,1,0,1
11,44,0,28.8333,0,1,1,0,1
11,20,0,12.2833,1,1,1,0,1
11,20,0,25.1833,1,1,1,0,1
11,20,1,21.5,1,1,1,0,1
11,20,0,15,1,1,1,0,1
11,20,0,10.9333,1,1,1,0,1
11,26,1,1.3667,0,1,1,0,1
11,50,0,0,0,1,1,0,1
11,20,1,25.95,1,1,1,0,1
11,20,0,13.7833,1,1,1,0,1
11,29,0,10.6167,0,1,1,0,1
11,20,0,1.05,1,1,1,0,1
11,20,1,23.4667,1,1,0,0,1
11,44,0,14.7667,0,1,0,0,1
11,20,0,9.9,1,1,0,0,1
11,48,0,16.9,0,1,0,0,1
11,52,0,14.8333,0,1,0,0,0
11,20,0,11.6333,1,1,0,0,1
11,39,0,5.4333,0,1,0,0,1
11,20,0,4.75,1,0,0,0,1
11,20,1,1.15,1,0,0,0,1
11,45,1,20.05,0,0,0,0,0
11,20,0,15.2833,1,0,0,0,1
11,20,1,13.2333,1,0,0,0,1
11,20,0,22.3833,1,0,0,0,1
11,20,1,18.25,1,0,0,0,1
11,20,0,8.9,1,0,0,0,1
11,20,0,5.1667,1,0,0,0,1
11,43,0,1.5167,0,0,0,0,0
11,34,1,0.2167,0,0,0,0,0
11,29,1,23.5667,0,0,0,0,1
11,18,1,13.2,0,0,0,0,1
11,20,0,5.35,1,0,0,0,1
11,20,0,0.7,1,0,0,0,1
11,20,0,21.85,1,1,1,0,1
11,20,1,18.45,1,1,1,0,1
11,47,1,12.2167,0,1,1,0,1
11,48,0,3.2833,0,1,1,0,1
11,45,0,1.0667,0,1,1,0,0
11,34,0,3.9667,0,1,1,0,1
11,29,1,20.9167,0,1,1,0,0
11,20,0,9.6833,1,1,1,0,1
11,18,1,1.5667,0,1,1,0,0
11,36,1,0.2333,0,1,1,0,1
11,55,1,0,0,1,1,0,1
11,20,0,25.5667,1,1,1,0,1
11,20,1,21.2333,1,1,1,0,1
11,20,0,16.85,1,1,1,0,1
11,20,0,8.6,1,1,1,0,1
11,47,0,2.7,0,1,1,0,1
11,29,0,0,0,1,0,0,1
11,38,0,23.5333,0,1,0,0,1
11,20,0,8.7833,1,1,0,0,1
12,20,0,26.3833,1,1,1,0,1
12,20,1,14.8167,1,1,1,0,1
12,33,0,2.8833,0,1,1,0,1
12,20,0,20.0667,1,1,1,0,1
12,31,0,10.0667,0,1,1,0,1
12,20,0,13.6,1,0,0,0,1
12,40,0,0,0,0,0,0,0
12,20,0,24.3,1,0,0,0,1
12,39,1,25.8667,0,1,1,0,1
12,20,0,14.3333,1,1,1,0,1
12,52,0,11.8,0,1,1,0,0
12,20,1,9.9667,1,1,1,0,1
12,20,0,20.55,1,1,1,0,1
12,48,0,12.3167,0,1,1,0,1
12,20,0,7.7667,1,1,1,0,1
12,20,0,1.3,1,1,1,0,1
12,20,0,28.45,1,1,1,0,1
12,20,0,24.2333,1,1,1,0,1
12,20,0,15.0667,1,1,1,0,1
12,20,0,15,1,1,1,0,1
12,20,0,9.95,0,1,1,0,1
12,29,0,3.4,0,1,1,0,1
12,35,0,0.25,0,1,1,0,1
12,32,0,23.1167,0,1,1,0,1
12,20,0,14.95,1,1,1,0,1
12,20,1,9.95,1,1,1,0,1
12,32,1,0.0333,0,1,1,0,1
12,50,0,22.0667,0,1,0,0,1
12,20,0,17.6667,1,1,0,0,1
12,20,0,11.4667,1,1,0,0,1
12,20,0,7.3,1,1,0,0,1
12,27,0,4.55,0,1,0,0,1
12,20,0,25.5167,1,1,0,0,1
12,20,0,21.7667,1,1,0,0,1
12,20,0,9.55,1,1,0,0,1
12,20,0,4.15,1,1,0,0,1
12,20,0,23.9667,1,0,0,0,1
12,20,0,19.9667,1,0,0,0,1
12,20,0,6.8667,0,0,0,0,1
12,20,0,3.9333,1,0,0,0,1
12,40,0,0.8833,0,0,0,0,0
12,30,0,24.9833,0,0,0,0,1
12,20,0,8.7333,1,0,0,0,1
12,20,1,14.8667,1,1,1,0,1
12,20,0,8.1833,1,1,1,0,1
12,41,1,25.4167,0,1,1,0,1
12,20,0,9.7833,1,1,1,0,1
12,36,0,5.1,0,1,1,0,1
12,20,0,1.3333,1,1,1,0,1
12,20,0,16.7833,1,1,1,0,1
12,20,0,8.9167,1,1,1,0,1
12,20,0,14.9167,1,1,1,0,1
12,21,0,8.25,0,1,1,0,1
12,20,1,1.7667,1,1,1,0,1
12,20,0,0.25,1,1,1,0,1
12,46,1,26.4833,0,1,1,0,1
12,20,0,20.0667,1,1,1,0,1
12,20,0,11.45,1,1,1,0,1
12,28,0,23.6,0,1,1,0,1
12,28,0,17.75,0,1,1,0,1
12,20,0,12.15,1,1,1,0,1
12,20,0,8.3833,1,1,1,0,1
12,20,0,7.6833,1,1,1,0,1
12,20,0,21.7333,1,1,1,1,1
12,43,1,10.1333,0,1,1,1,0
12,25,1,0,0,1,1,1,1
12,39,1,24.2167,0,1,1,1,1
12,20,0,16.15,1,1,1,1,1
12,20,1,13.7333,1,1,1,1,1
12,25,1,6.7333,0,1,1,1,0
12,52,1,3.7667,0,1,1,1,0
12,20,0,2.5333,1,1,1,1,1
12,30,1,23.7667,0,1,0,0,1
12,20,0,16.5833,1,1,0,0,1
12,42,0,0,0,1,0,0,0
12,20,0,28.6,1,1,0,0,1
12,20,0,25.6833,1,1,0,0,1
12,35,0,22.8833,0,1,0,0,1
12,32,0,18.6333,0,1,0,0,0
12,20,0,13.85,1,1,1,0,1
12,20,0,11.8667,1,1,1,0,1
12,37,0,0,0,1,1,0,0
12,20,0,0,1,1,1,0,1
12,42,0,22.0333,0,1,1,0,1
12,30,0,15.4,0,1,1,0,1
13,20,0,17.2167,1,1,1,0,1
13,20,1,12.7833,1,1,1,0,1
13,19,1,3.4833,0,1,1,0,1
13,20,0,2.2,1,1,1,0,1
13,48,0,23.5167,0,1,1,0,1
13,20,0,15.3333,1,1,1,0,1
13,56,1,25.4333,0,0,0,0,1
13,20,0,24.8833,1,0,0,0,1
13,20,0,23.15,1,0,0,0,1
13,20,0,18.0833,1,0,0,0,1
13,48,0,12.35,0,0,0,0,0
13,20,0,8.8167,1,0,0,0,1
13,20,0,3.5167,1,0,0,0,1
13,20,0,1.3333,1,0,0,0,1
13,20,0,23.55,1,0,0,0,1
13,35,0,12.1333,0,0,0,0,1
13,20,0,6.8167,1,0,0,0,1
13,20,0,23.8167,1,0,0,0,1
13,29,0,12.5667,0,0,0,0,1
13,20,0,7.6667,1,0,0,0,1
13,20,1,5.05,1,1,0,0,0
13,48,1,1.8333,0,1,0,0,1
13,43,0,27.05,0,1,0,0,1
13,20,0,14.9333,1,1,0,0,1
13,20,0,0.95,1,1,0,0,1
13,20,0,26.9667,1,0,0,0,1
13,50,0,19.0667,0,0,0,0,0
13,38,0,11.0167,0,0,0,0,1
13,33,0,0.65,0,0,0,0,1
13,20,0,23.4333,1,0,0,0,1
13,42,0,21.05,0,0,0,0,1
13,41,0,6.25,0,0,0,0,1
13,42,1,20.0167,0,1,1,0,0
13,50,0,0.35,0,1,1,0,0
13,20,1,14.3667,1,1,1,0,1
13,41,0,8.0333,0,1,1,0,0
13,20,0,19.5,1,1,1,0,1
13,20,0,11.35,1,1,1,0,1
13,20,0,10.8,1,1,1,0,1
13,20,0,0.8167,1,1,1,0,1
13,20,0,21.7,1,1,1,0,1
13,35,0,10.6667,0,1,1,0,1
13,20,0,11.0333,1,1,1,0,1
13,20,0,7.4333,1,1,1,0,1
13,20,0,2.1167,1,1,1,0,1
13,20,1,0.4833,1,1,1,0,1
13,20,0,27.9667,1,1,1,0,1
13,20,1,15.85,1,1,1,0,1
13,45,1,0,0,1,1,0,0
13,28,1,0,0,1,1,0,1
13,20,0,17,1,0,0,0,1
13,20,0,7.9833,1,0,0,0,1
13,45,0,0.1333,0,0,0,0,1
13,39,0,28.4,0,0,0,0,1
13,20,0,4.9,1,0,0,0,1
13,20,0,0.3833,1,0,0,0,1
13,20,1,18.6833,1,1,0,0,1
13,27,1,12.85,0,1,0,0,0
13,20,0,4.6667,1,1,0,0,1
13,22,1,21.2667,0,1,0,0,1
13,20,0,11.2667,1,1,0,0,1
13,20,1,6.45,1,1,0,0,1
13,37,1,0.1167,0,1,0,0,1
13,20,1,9.3167,1,1,1,0,1
13,41,1,3.95,0,1,1,0,0
13,47,1,0.05,0,1,1,0,0
13,36,1,19.4167,0,1,1,0,1
13,31,1,11.45,0,1,1,0,1
13,39,1,3.3167,0,1,1,0,1
13,20,0,0.2833,1,1,1,0,1
13,33,1,22.7833,0,1,1,0,1
13,20,0,21.7167,1,1,1,0,1
13,44,0,9.3667,0,1,1,0,1
13,20,0,4.0667,1,1,1,0,1
13,20,0,0.5167,1,1,1,0,1
13,27,1,14.8833,0,1,1,0,1
13,20,0,23.6833,1,1,0,1,1
13,20,0,15.4833,1,1,0,1,1
13,34,0,1.8333,0,1,0,1,1
13,37,0,0.0667,0,1,0,1,1
13,20,0,21.05,1,1,0,1,1
13,20,0,10.9333,0,1,0,1,1
13,20,0,16.8167,1,0,0,0,1
13,20,0,15.3167,1,0,0,0,1
13,20,0,10.05,1,0,0,0,1
13,38,0,7.8833,0,0,0,0,0
13,20,1,6.15,1,0,0,0,1
13,20,0,0.4,1,0,0,0,1
13,20,0,18.7833,1,0,0,0,1
13,40,0,10.2167,0,0,0,0,0
13,20,0,5.3,1,0,0,0,1
13,39,0,0.5833,0,0,0,0,1
14,20,0,25.8167,1,1,1,0,1
14,20,0,19.4333,1,1,1,0,1
14,20,1,2.9833,1,1,1,0,1
14,24,1,0.6333,0,1,1,0,1
14,39,1,14.9333,0,1,1,0,1
14,43,0,8.7167,0,1,1,0,0
14,20,0,8.5,1,1,1,0,1
14,47,1,21.5833,0,1,1,0,1
14,20,0,0.1333,1,1,1,0,1
14,20,0,27.6667,1,1,1,0,1
14,47,0,15.8333,0,1,1,0,1
14,20,0,4.25,1,1,1,0,1
14,48,1,14.1167,0,1,1,0,0
14,38,1,0.1333,0,1,1,0,1
14,20,0,15,1,1,0,0,1
14,20,1,6.8333,1,1,0,0,1
14,20,0,0.3167,1,1,0,0,1
14,20,0,3.45,1,1,0,0,1
14,42,1,23.35,0,1,1,0,1
14,20,0,17.8667,1,1,1,0,1
14,20,0,3.6167,1,1,1,0,1
14,21,0,18.35,0,1,1,0,0
14,20,0,16.7167,1,1,0,0,1
14,20,1,1.85,1,1,0,0,1
14,34,1,26.0167,0,1,0,0,1
14,20,0,16.6833,1,1,0,0,1
14,23,0,12.8833,0,1,0,0,1
14,20,0,10.75,1,1,0,0,1
14,20,0,18.5667,1,0,0,0,1
14,20,0,13.0833,1,0,0,0,1
14,32,0,6.9833,0,0,0,0,0
14,20,0,1.2333,1,0,0,0,1
14,47,0,0,0,0,0,0,1
14,20,0,13.7167,1,0,0,0,1
14,45,0,3.9167,0,0,0,0,1
14,20,0,20.7667,1,0,0,0,1
14,20,0,17.2667,1,0,0,0,1
14,20,0,13.5333,1,0,0,0,1
14,20,0,9.4333,1,0,0,0,1
14,43,0,3.5167,0,0,0,0,0
14,42,0,14.75,0,0,0,0,1
14,20,0,8.3667,1,1,0,0,1
14,20,1,1.3667,1,1,0,0,1
14,37,1,0,0,1,0,0,1
14,20,0,20.0167,1,1,0,0,1
14,20,0,8.75,1,1,0,0,1
14,47,0,3.5,0,1,0,0,1
14,20,0,1.8,1,1,0,0,1
14,20,0,24.75,1,1,1,0,1
14,23,0,15.4667,0,1,1,0,1
14,46,0,9.7167,0,1,1,0,0
14,20,1,0.0333,0,1,1,0,1
14,20,0,24.0833,1,1,1,0,1
14,40,0,14.1833,0,1,1,0,1
14,20,0,10.8667,1,1,1,0,1
14,20,0,7.95,1,1,1,0,1
14,28,1,9.8667,0,1,1,0,1
14,20,0,1,1,1,1,0,1
14,20,1,0.1,1,1,1,0,1
14,20,0,14.2,1,1,1,0,1
14,20,0,15.8667,1,0,0,0,1
14,53,0,3.2,0,0,0,0,0
14,20,0,1.5167,1,0,0,0,1
14,20,0,21.1,1,0,0,0,1
14,36,0,14.6167,0,0,0,0,1
14,44,1,13.5333,0,1,1,0,1
14,46,1,8.0167,0,1,1,0,0
14,28,0,3.0833,0,1,1,0,1
14,51,0,0.25,0,1,1,0,1
14,20,0,23.2,1,1,1,0,1
14,47,0,19.7667,0,1,1,0,0
15,25,1,26.2333,0,0,0,0,1
15,55,0,0.0833,0,0,0,0,1
15,20,0,22.7167,1,0,0,0,1
15,20,0,14.3,1,0,0,0,1
15,20,0,6.0833,1,0,0,0,1
15,20,0,29.75,1,1,1,0,1
15,27,0,26.1167,0,1,1,0,0
15,20,0,18.6333,1,1,1,0,1
15,20,0,12.9,1,1,1,0,1
15,20,0,5.7333,1,1,1,0,1
15,22,0,2.8333,0,1,1,0,1
15,44,0,18.3833,0,1,1,0,1
15,20,0,12.2833,1,1,1,0,1
15,20,0,8.0667,1,1,1,0,1
15,20,0,6.4,1,1,1,0,1
15,20,0,2.8167,1,1,1,0,1
15,20,0,1.0833,1,1,1,0,1
15,37,1,18.8167,0,1,1,0,0
15,20,0,13.1333,1,1,1,0,1
15,20,1,7.2167,1,1,1,0,1
15,20,1,0.6167,1,1,1,0,1
15,20,0,29.75,1,1,1,0,1
15,36,0,19.7833,0,1,1,0,1
15,36,1,23.9167,0,1,0,1,0
15,36,1,16.75,0,1,0,1,1
15,34,1,12.3,0,1,0,1,1
15,20,0,11.9833,1,1,0,1,1
15,42,0,1.1833,0,1,0,1,1
15,47,0,22.9333,0,1,0,1,0
15,30,0,14.8167,0,1,0,1,1
15,20,0,1.2,1,1,0,1,1
15,20,0,25.7833,1,1,1,0,1
15,20,0,5.1667,1,1,1,0,1
15,43,0,2.3667,0,1,1,0,1
15,20,0,0.5,1,1,1,0,1
15,20,0,18.1167,1,1,1,0,1
15,20,0,10.7833,0,1,1,0,1
15,20,0,26.1333,1,1,1,0,1
15,29,0,18.3167,0,1,1,0,1
15,20,0,12.7667,1,1,1,0,1
15,46,0,5,0,1,1,0,1
15,36,0,1.25,0,1,1,0,1
15,66,0,0,0,1,1,0,0
15,20,0,24.15,1,1,1,0,1
15,20,0,11.1,1,1,1,0,1
15,20,0,4.1667,1,1,1,0,1
15,20,0,0.8167,1,1,1,0,1
15,20,0,13.1833,1,1,1,1,1
15,20,1,12.0833,1,1,1,1,1
15,31,1,6,0,1,1,1,0
15,20,1,18.7167,1,1,1,1,1
15,20,0,5.65,1,1,1,1,1
15,20,0,21.1833,1,0,0,0,1
15,20,1,0.0833,1,0,0,0,1
15,36,1,1.7333,0,0,0,0,1
15,20,0,1.3333,1,0,0,0,1
15,49,0,0.4333,0,0,0,0,0
15,47,0,15.25,0,0,0,0,1
15,20,0,8.7833,1,0,0,0,1
15,42,1,23.8333,0,1,0,1,1
15,20,0,18.0667,1,1,0,1,1
15,21,0,9.1167,0,1,0,1,1
15,27,0,15.05,0,1,0,1,1
15,38,1,3,0,1,0,1,1
15,20,0,14.1833,1,0,0,0,1
15,26,0,7.1667,0,0,0,0,1
15,28,0,2.3333,0,0,0,0,1
15,20,0,20.7167,1,0,0,0,1
15,20,0,12.9833,1,0,0,0,1
15,50,0,3.2167,0,0,0,0,0
15,28,1,21.8667,0,1,0,1,1
15,37,0,11.6833,0,1,0,1,1
15,27,0,0.65,0,1,0,1,1
15,39,0,19.7833,0,1,0,1,1
15,20,0,18.5667,1,1,0,1,1
15,42,0,5.3667,0,1,0,1,0
15,20,0,23.9,1,0,0,0,1
15,20,1,20.4833,1,0,0,0,1
15,28,1,18.25,0,0,0,0,1
15,20,0,5.4833,1,0,0,0,1
15,50,0,1.1,0,0,0,0,0
15,37,0,0,0,0,0,0,1
15,20,0,21.4833,1,0,0,0,1
15,51,0,19.5667,0,0,0,0,1
15,25,0,6.8667,0,0,0,0,1
15,45,1,19.2833,0,1,1,0,0
15,51,1,4.2167,0,1,1,0,1
15,20,0,23.7333,1,1,1,0,1
15,45,1,0.0833,0,1,1,0,0
15,47,1,0,0,1,1,0,1
15,33,1,24.5167,0,1,1,0,1
15,33,0,16.5,0,1,1,0,1
15,20,0,2.7,1,1,1,0,1
15,20,0,5.0667,1,1,1,0,0
16,20,0,25.9667,1,0,0,0,1
16,20,1,22.2833,1,0,0,0,1
16,20,0,21.2333,1,0,0,0,1
16,20,0,14.9,1,0,0,0,1
16,20,0,4.2333,1,0,0,0,1
16,20,0,0.3167,1,0,0,0,1
16,44,0,26.3333,0,0,0,0,0
16,20,0,15.2,1,0,0,0,1
16,43,1,26.3833,0,1,0,0,0
16,23,1,15.7833,0,1,0,0,1
16,32,1,11.6333,0,1,0,0,1
16,22,1,2.25,0,1,0,0,1
16,20,0,1.2167,1,1,0,0,1
16,20,0,0.2167,1,1,0,0,1
16,20,0,21.9,1,1,0,0,1
16,20,0,12.0833,1,1,0,0,1
16,32,0,7.8667,0,1,0,0,1
16,20,0,1.15,1,1,0,0,1
16,20,0,14.9167,1,1,1,0,1
16,37,0,7.2833,0,1,1,0,1
16,22,0,2.6667,0,1,1,0,0
16,20,0,0.3167,1,1,1,0,1
16,42,0,26.25,0,1,1,0,1
16,19,0,22.05,0,1,1,0,1
16,35,0,10.05,0,1,1,0,1
16,20,0,6.85,1,1,1,0,1
16,20,0,21.8,1,1,1,0,1
16,20,0,16.5,1,1,1,0,1
16,34,0,0.1167,0,1,1,0,1
16,20,0,7.1,1,1,1,0,1
16,37,1,28.2167,0,1,0,0,1
16,35,0,22.0333,0,1,0,0,1
16,37,0,6.3167,0,1,0,0,1
16,20,0,6.0667,1,1,0,0,1
16,20,0,27.2167,1,1,0,0,1
16,48,0,20.4333,0,1,0,0,0
16,47,1,1.9167,0,1,0,0,0
16,39,0,9.3333,0,0,0,0,0
16,20,0,1.8,1,0,0,0,1
16,39,1,0.35,0,0,0,0,0
16,20,0,17.9333,1,0,0,0,1
16,42,0,13.2667,0,0,0,0,1
16,20,0,11.35,1,0,0,0,1
16,33,1,1.9833,0,0,0,0,1
16,43,1,0.05,0,0,0,0,1
16,20,1,18.65,0,1,0,0,1
16,24,0,10.5333,0,1,0,0,1
16,50,0,5.7167,0,1,0,0,1
16,20,0,0.6333,1,1,0,0,1
16,30,0,24.65,0,1,0,0,1
16,20,1,22.7333,1,1,0,0,1
16,20,0,15.0833,1,1,0,0,1
16,20,1,9.1833,1,1,0,0,1
16,25,1,6.1833,0,1,0,0,1
16,38,1,24.4667,0,0,0,0,1
16,27,0,15.3167,0,0,0,0,0
16,20,0,12.8167,1,0,0,0,1
16,20,0,0.6667,1,0,0,0,1
16,33,0,24.65,0,0,0,0,1
16,20,0,19.1833,1,0,0,0,1
16,20,0,10.8667,1,0,0,0,1
16,20,0,3.0167,1,1,1,0,1
16,20,0,0.05,1,1,1,0,1
16,49,0,19.6167,0,1,1,0,1
16,37,0,14.8667,0,1,1,0,0
16,20,0,0.2,1,1,1,0,1
16,20,0,18.4833,1,0,0,0,1
16,20,0,15,1,0,0,0,1
16,54,0,0,0,0,0,0,0
16,20,0,22.9833,1,0,0,0,1
16,20,0,20.7833,1,0,0,0,1
16,20,0,13.7667,1,0,0,0,1
16,20,0,7.7,1,0,0,0,1
16,49,1,19.9167,0,0,0,0,1
16,53,0,0.05,0,0,0,0,1
16,24,0,10.4,0,0,0,0,1
16,20,0,4.5833,1,0,0,0,1
16,27,1,25.3167,0,1,0,0,1
16,40,1,14.9333,0,1,0,0,0
16,20,0,0.2333,1,1,0,0,1
16,23,0,26.3833,0,1,0,0,1
16,45,0,19.7167,0,1,0,0,1
16,20,0,14.8833,0,1,0,0,1
16,27,1,5.2833,0,1,0,0,1
16,35,1,0,0,1,0,0,1
16,20,0,29.6333,1,1,1,0,1
16,20,1,25.25,1,1,1,0,1
16,20,0,14.3167,1,1,1,0,1
16,50,0,7.4833,0,1,1,0,1
16,26,0,1.7833,0,1,1,0,0
16,20,0,23.5167,1,1,1,0,1
16,23,0,17.3,0,1,1,0,1
16,20,0,10.3833,1,1,1,0,1
16,20,0,21.4833,1,1,1,0,0
16,20,0,16.4167,1,1,1,0,1
16,20,0,8.05,1,1,1,0,1
16,20,0,6.1667,1,1,1,0,0
16,20,0,2.6667,1,1,1,0,1
16,20,1,23.2333,1,1,1,0,1
16,20,1,19.3333,0,1,1,0,1
16,20,0,12.2333,1,1,1,0,1
16,38,0,6.7,0,1,1,0,1
17,39,1,13.4333,0,1,0,0,1
17,33,0,1.8333,0,1,0,0,1
17,44,0,27.1833,0,1,0,0,1
17,20,0,19.4,1,1,0,0,1
17,20,0,5.3667,1,1,0,0,1
17,20,0,1.2333,1,1,0,0,1
17,20,0,19.3667,1,1,1,0,1
17,33,0,5.0333,0,1,1,0,1
17,27,0,0.4167,0,1,1,0,1
17,20,0,29.3667,1,1,1,0,1
17,39,0,15.1667,0,1,1,0,1
17,45,0,9.3667,0,1,1,0,1
17,20,0,7.2,1,1,1,0,1
17,20,0,1.8333,1,1,1,0,1
17,20,0,24.4,1,0,0,0,1
17,20,0,16.9667,1,0,0,0,1
17,20,0,13.7333,1,0,0,0,1
17,20,0,12.2667,1,0,0,0,1
17,28,0,1.8333,0,0,0,0,1
17,59,0,0.1333,0,0,0,0,1
17,39,1,12.6333,0,0,0,0,1
17,32,0,3.6,0,0,0,0,1
17,20,0,29.75,1,1,1,0,1
17,34,0,13.5833,0,1,1,0,1
17,20,0,22.4167,0,1,1,0,1
17,27,0,4.5667,0,1,1,0,1
17,20,0,14.3,1,1,1,0,1
17,33,0,5.05,0,1,1,0,1
17,20,0,1.9333,1,1,1,0,1
17,20,0,24.4333,1,1,1,0,1
17,25,0,18.2,0,1,1,0,1
17,47,0,13.4333,0,1,1,0,1
17,20,0,26.8333,1,1,1,0,1
17,40,0,18.6667,0,1,1,0,0
17,20,1,14.9333,1,1,1,0,1
17,27,1,9.9167,0,1,1,0,1
17,20,0,2.35,1,1,1,0,1
17,20,0,13.9667,1,1,1,0,1
17,28,0,10.3,0,1,1,0,1
17,37,0,1.15,0,1,1,0,0
17,53,0,17.05,0,1,0,1,0
17,34,0,14.9333,0,1,0,1,0
17,23,0,20.8667,0,1,0,1,1
17,20,1,24.5833,0,1,0,0,1
17,44,1,21.2667,0,1,0,0,1
17,20,0,8.1333,1,1,0,0,1
17,20,0,7.6833,1,1,0,0,1
17,20,0,0.0333,1,1,0,0,1
17,20,0,26.1333,1,1,0,0,1
17,20,0,18.3333,1,1,0,0,1
17,38,0,11.1333,0,1,0,0,0
17,20,1,8.0167,1,1,0,0,1
17,51,1,0,0,1,0,0,1
17,42,1,27.3167,0,0,0,0,1
17,33,1,22.7333,0,0,0,0,1
17,20,0,16.9667,1,0,0,0,1
17,27,0,10.3833,0,0,0,0,1
17,20,0,7.1667,1,0,0,0,1
17,20,0,3.4667,1,0,0,0,1
17,48,0,0,0,0,0,0,1
17,20,0,17.9167,1,0,0,0,1
17,32,0,15,0,0,0,0,0
17,38,0,7.0167,0,0,0,0,1
17,20,0,3.95,1,0,0,0,1
17,20,0,1.3167,1,0,0,0,1
17,42,1,26.3,0,1,1,0,1
17,20,0,19.0833,1,1,1,0,1
17,20,0,14.8167,1,1,1,0,1
17,21,0,3.6333,0,1,1,0,1
17,20,1,22.5333,1,1,1,0,1
17,20,1,1.2167,1,1,1,0,1
17,34,1,0,0,1,1,0,1
17,42,1,23.9,0,1,1,0,1
17,20,1,0.3667,1,1,1,0,1
17,20,0,18.8833,1,1,1,0,1
17,20,0,0.5833,1,1,1,0,1
17,20,0,27.6333,1,1,1,0,1
17,39,0,17.7,0,1,1,0,1
17,20,0,7.5167,1,1,1,0,1
17,20,0,26.5,1,1,1,0,1
17,23,0,23.7833,0,1,1,0,1
17,23,0,17.55,0,1,1,0,1
17,20,0,5.8167,1,1,1,0,1
17,30,0,7.0667,0,1,0,1,1
17,20,0,0.2333,1,1,0,1,1
17,20,0,24.85,1,1,0,1,1
17,42,0,21.8333,0,1,0,1,0
17,20,1,9.0667,1,1,0,1,1
17,20,0,5.7333,1,1,0,1,1
17,54,1,25.45,0,0,0,0,0
17,44,1,15.85,0,0,0,0,0
17,20,0,1.9,1,0,0,0,1
17,55,0,0,0,0,0,0,0
17,20,1,17.9833,1,0,0,0,1
17,35,1,10.3667,0,0,0,0,0
17,50,1,2.3833,0,0,0,0,0
